Employee,Project,From Date
MC-0001,PROJ-0001,01-01-2025
MC-0002,PROJ-0001,01-01-2025
MC-0003,PROJ-0001,01-01-2025
MC-0004,PROJ-0001,01-01-2025
MC-0005,PROJ-0001,01-01-2025
MC-0006,PROJ-0001,01-01-2025
MC-0007,PROJ-0001,01-01-2025
MC-0008,PROJ-0001,01-01-2025
MC-0009,PROJ-0001,01-01-2025
MC-0010,PROJ-0001,01-01-2025
MC-0011,PROJ-0001,01-01-2025
MC-0012,PROJ-0001,01-01-2025
MC-0013,PROJ-0001,01-01-2025
MC-0014,PROJ-0001,01-01-2025
MC-0015,PROJ-0001,01-01-2025
MC-0016,PROJ-0001,01-01-2025
MC-0017,PROJ-0001,01-01-2025
MC-0018,PROJ-0001,01-01-2025
MC-0019,PROJ-0001,01-01-2025
MC-0020,PROJ-0001,01-01-2025
MC-0021,PROJ-0001,01-01-2025
MC-0022,PROJ-0001,01-01-2025
MC-0023,PROJ-0001,01-01-2025
MC-0024,PROJ-0001,01-01-2025
MC-0025,PROJ-0001,01-01-2025
MC-0026,PROJ-0001,01-01-2025
MC-0027,PROJ-0001,01-01-2025
MC-0028,PROJ-0001,01-01-2025
MC-0029,PROJ-0001,01-01-2025
MC-0030,PROJ-0001,01-01-2025
MC-0031,PROJ-0001,01-01-2025
MC-0032,PROJ-0001,01-01-2025
MC-0033,PROJ-0001,01-01-2025
MC-0034,PROJ-0001,01-01-2025
MC-0035,PROJ-0001,01-01-2025
MC-0036,PROJ-0001,01-01-2025
MC-0037,PROJ-0001,01-01-2025
MC-0038,PROJ-0001,01-01-2025
MC-0039,PROJ-0001,01-01-2025
MC-0040,PROJ-0001,01-01-2025
MC-0041,PROJ-0001,01-01-2025
MC-0042,PROJ-0001,01-01-2025
MC-0043,PROJ-0001,01-01-2025
MC-0044,PROJ-0001,01-01-2025
MC-0045,PROJ-0001,01-01-2025
MC-0046,PROJ-0001,01-01-2025
MC-0047,PROJ-0001,01-01-2025
MC-0048,PROJ-0001,01-01-2025
MC-0049,PROJ-0001,01-01-2025
MC-0050,PROJ-0001,01-01-2025
MC-0051,PROJ-0001,01-01-2025
MC-0052,PROJ-0001,01-01-2025
MC-0053,PROJ-0001,01-01-2025
MC-0054,PROJ-0001,01-01-2025
MC-0055,PROJ-0001,01-01-2025
MC-0056,PROJ-0001,01-01-2025
MC-0057,PROJ-0001,01-01-2025
MC-0058,PROJ-0001,01-01-2025
MC-0059,PROJ-0001,01-01-2025
MC-0060,PROJ-0001,01-01-2025
MC-0061,PROJ-0001,01-01-2025
MC-0062,PROJ-0001,01-01-2025
MC-0063,PROJ-0001,01-01-2025
MC-0064,PROJ-0001,01-01-2025
MC-0065,PROJ-0001,01-01-2025
MC-0066,PROJ-0001,01-01-2025
MC-0067,PROJ-0001,01-01-2025
MC-0068,PROJ-0001,01-01-2025
MC-0069,PROJ-0001,01-01-2025
MC-0070,PROJ-0001,01-01-2025
MC-0071,PROJ-0001,01-01-2025
MC-0072,PROJ-0001,01-01-2025
MC-0073,PROJ-0001,01-01-2025
MC-0074,PROJ-0001,01-01-2025
MC-0075,PROJ-0001,01-01-2025
MC-0076,PROJ-0001,01-01-2025
MC-0077,PROJ-0001,01-01-2025
MC-0078,PROJ-0001,01-01-2025
MC-0079,PROJ-0001,01-01-2025
MC-0080,PROJ-0001,01-01-2025